Lorrin,Errington,aS6_UZXR*akmBy,,Sweden,+46-821-306-3569
Esteban,Stive,iY0!B/_s'H_,91,Dominican Republic,+1-715-860-2522
West,Golder,tV1/FP_jK,105,Bahamas,
Bruis,Kilgallon,oR9_*`~ZO4>QgDM,99,China,+86-142-868-9878
Mandi,Milliken,zK1+!Etme',53,Mauritius,+230-836-701-5326
Minta,Pawle,cT7(WaBu_,,China,+86-465-810-5492
Larry,Probert,xW2#ZH1o'Y,50,China,+86-594-906-3904
Ingra,Boynton,xF2)Q>v1S0.,22,Indonesia,+62-673-669-9173
Dallon,Parker,"mN3>V@>""vNS",99,Egypt,+20-879-679-2725
Nollie,Stutt,xK4%zf'&/aMc,,Slovenia,+386-445-593-6501
Dosi,Kincade,"sZ1,I9\R",88,Indonesia,+62-191-641-5601
Theobald,Culshaw,aI1&_Ki{<=$,61,Thailand,+66-211-135-6890
Sherlocke,Livingstone,vV7|)>l11W2BC1,52,Pakistan,+92-513-991-4388
Johan,Soane,mZ8!4#IS4Gtl/=,111,Czech Republic,+420-388-979-9980
Polly,Eckly,sM3<0?gf,30,Ukraine,+380-532-484-4903
Leila,Fullerton,hK0*{tc@4TmUw'_},97,South Korea,
Miguel,Gittose,iS5)Ln1q!SpGW#pk,114,Panama,+507-231-651-0768
Zachariah,Dodshun,vE5*\Zlv4!Y%U>,34,Indonesia,+62-274-464-3455
Drucill,Lount,bT5#w<'1tknm,30,South Africa,+27-345-369-4324
Drucie,Kores,vP7&EM/\s,113,Philippines,+63-943-492-2384
Spencer,Dedman,cC8|WVsRo~),18,Philippines,+63-998-125-5929
Margy,Nares,sF4/9v8b6,119,Indonesia,+62-432-334-5026
Nerty,Figg,hC0%cw*Hz?XSIy,43,Indonesia,+62-814-183-6613
Eran,Grimestone,hD6\zWl9mHHqOFO,63,Philippines,+63-570-127-3131
Rosita,Huxter,"qW0@""s""(""'KJ",39,Brazil,
Ewan,Maestro,"vX2,EJKc$*D6cBD}",38,Russia,+7-582-209-1009
Fairlie,MacKeller,dW4%s)t8?7cfH,88,Vietnam,
Antonia,Beckinsale,xA2=|3sA`W_/,22,Mongolia,
Starr,Benner,"sP4""Cvsc*!E.?",53,Vietnam,
Jennee,Cliss,nO2|Te=Ltv<N,,Brazil,+55-865-754-2967
Kasper,Biggin,jW3~ugrn!0<1{i1$,70,Ireland,+353-453-678-3912
Hank,Biermatowicz,oG5##GOZgK@<~QC,40,Cambodia,+855-581-990-6450
Laverne,Denyer,xB9=yA!FA.iVx,97,Sweden,+46-482-503-0782
Kaylee,Dalgetty,tG8(pnsEf_b3G.y,109,Philippines,+63-641-409-0416
Trenton,Budding,aP1&C3a.)l,59,Japan,+81-502-758-3104
Anastasie,Brumfitt,wD9!Ln|8A'Yr3K,119,China,+86-439-868-3938
Minnnie,Benion,nK8|d3Ff@>a<o,36,Indonesia,+62-400-803-7084
Jena,Roalfe,bT2/#2C'#r,58,Czech Republic,+420-332-338-5913
Mavra,Curror,nU7*#M(PY,66,Albania,+355-877-847-6382
Mercy,Caiger,fO3}>0tgcw,64,Colombia,+57-116-689-3059
Claudie,Sellick,sZ7>}#aIn@`,35,Sweden,
Gardy,Beven,kB2.|~CFB=(%ND~,109,Poland,+48-780-231-2374
Amelina,Hawkins,oI3%vvC1_t$Y,92,Indonesia,+62-287-923-6884
Klaus,Pretswell,eW7.Z_Jz,53,Malawi,+265-494-281-9068
Andrea,Pattle,qG1#bNaCv),112,Bangladesh,+880-928-356-7782
Salomone,Hallad,kZ4?w>dPA,55,Vietnam,
Roxanna,Stoffel,yY2_Gr9M=,71,Philippines,+63-646-628-2969
Coreen,todor,"yB8""ig01IXeTWr}",54,Poland,+48-792-577-0041
Udell,Von Oertzen,pZ5`15!#`lg9tqF#,58,Belarus,+375-713-237-9695
Mill,McKinna,qQ2*#>|8A,45,China,+86-841-896-9608
Emelia,Sprouls,wV1>XRV/YQ,41,China,+86-833-687-2020
Rayna,McFadden,lX4~Ofm),65,France,+33-590-583-4670
Giselbert,Vaughton,hT6=sVOE,50,Portugal,
Giana,Thow,aV5%DX64Mc8,,China,+86-178-606-3761
Myrta,Vowdon,vY9~k6kY,105,Indonesia,+62-918-906-7424
Paulo,Paulsson,mK2(oC_mNeIlgNQm,36,Russia,+7-976-108-4347
Shaine,Bruhnke,lP3}6l18cu,,Spain,+34-718-801-8064
Almira,Harston,tW7}ts?8DERLk,104,Russia,+7-977-217-6983
Erda,Graffin,tI4<o/'JS|T=,99,Greece,+30-462-355-1508
Martino,Clackers,nP3!@vlp1Y9M,97,Czech Republic,
Lanita,Balogh,"pH8+%>""ksRd?",68,Argentina,+54-603-510-8131
Marlin,Portress,oH8!v&q\er0f$,88,China,+86-152-632-4399
Kimball,Cromly,"oB2*=%ShfHq/""I$q",91,Uganda,+256-251-900-1229
Blane,Henrys,eH7{PR0NSm,89,Mozambique,+258-488-317-1941
Orlan,Larrad,aM9{?.u9U|HmCY,86,Latvia,+371-239-863-4143
Janetta,Andrus,bZ4'(%X\Da#g#V,24,Japan,+81-669-169-8636
Carlie,Knibbs,oO7<G<Zw,79,Colombia,+57-388-611-0571
Joanie,Valasek,zO0|ODFg(|hZ'.,60,Ukraine,+380-195-486-2323
Clarine,Valentin,gU7?o_4P{By/),73,United States,
Haskell,Wych,wP2<|xp>{,72,Chile,+56-372-430-6816
Martin,Kilshaw,"oP6@wi''+,",114,Czech Republic,+420-161-633-4930
Obediah,Corpes,iH3)HQgt,27,Peru,+51-373-430-1920
Enrica,Mcasparan,"xT7.f/ACJh\""+d",27,Zambia,
Brook,Maryin,iM2<V!_92i6,94,China,+86-491-623-9127
Armin,Rentoll,xM0<JN{cF{KDnnV,72,China,+86-869-550-0820
Andrej,Kohrsen,iM8_G>q94rqR,41,Bulgaria,+359-742-212-8135
Donnajean,Durak,yR5#c_TN9tU/,,Portugal,+351-322-947-3288
Broddie,Aguirrezabal,"xO4}`ur3""kclY",88,Uruguay,
Renado,Spawton,fJ9}I'g_zg<Jy,44,Austria,+43-430-601-1166
Steffie,Huggens,cY7)*y8Z5D5_~Lt,,Poland,+48-334-788-3078
Nicola,Boncore,lJ6\9fPMF,47,Poland,+48-247-804-9725
Darn,Reisen,eY2?#wXV,40,Brazil,+55-963-971-8133
Ange,Du Plantier,"oC8(Ry1""o""rO",50,Peru,+51-110-763-5061
Earle,Seppey,lF3_|'.B<h,75,China,+86-388-856-4418
Jethro,Rothera,lO9+Gi7*FjZ/,59,Latvia,+371-194-222-7592
Sylvester,Lingard,"xZ2""ZiPO~#pK",32,China,+86-810-369-7420
Hercules,Surgison,"wX4*O5A1j{}Mga+""",90,China,+86-308-964-1769
Marthena,Gorini,"uF8>""|Id",90,Bosnia and Herzegovina,+387-621-479-6394
Frances,Graysmark,rB0}#6(h9Il|,32,Russia,+7-992-395-8137
Adan,Killen,"rO5`?7|P|pr""(\'",53,China,+86-705-724-9752
Cornall,Pirson,sR8(Z7|+M,88,France,
Mordy,Abrahamoff,wG8*%49{Z9,106,Thailand,+66-972-985-8065
Rodrique,Taylo,gX5{$juWM>YU,60,Indonesia,+62-210-353-9539
Deeyn,Fenby,gL4?42$g1E,,Ukraine,+380-292-650-8997
Noreen,Bockler,cA4.482+W>N,106,Russia,+7-430-292-9767
Hertha,Wisniewski,"nQ8""#g}8OBm5Gew",110,South Africa,+27-454-365-5109
Mehetabel,Leggin,lD9{<ZKVIWXQkD=),86,Syria,+963-856-971-2933
Wendeline,Stallworth,fA4+re}8SnUj,106,Pakistan,
Carey,Beeson,rX4%ACE0XZ,,Russia,+7-528-519-4182
Mallory,Fossitt,"bT0,iaWVUr`(F",25,Sweden,+46-713-545-1276
Rosamund,Murby,zE9>8hZ\cf4,98,Portugal,+351-743-633-8482
Ana,Egglestone,"rE6,_`!Qvj",52,Colombia,+57-280-920-0070
Wright,Biskupek,"yT4`Nqi,2x$uPs",112,South Korea,
Daisey,Callendar,dX2\h'/ceUzr4DU,32,Indonesia,+62-761-515-6581
Rodney,Trasler,"qW6!o+*!PX""dzDJ",25,Azerbaijan,+994-280-644-9439
Renato,Lathy,kJ2>pG5/MC!nu,118,China,+86-285-427-8861
Chris,MacLice,jF5)@se{2!M(WAa,71,Sweden,+46-922-823-1749
Babara,Cockerham,rP8'$5xX_|OD,73,China,+86-370-800-8162
Jammie,Mangam,oZ2@'pXXzgK\Z,,Uzbekistan,+998-556-143-1664
Juieta,Sambeck,"gD9\""Nsr9%m.pr5'",99,China,+86-546-823-0934
Doralia,Doumic,vT5)>RF}tq/?j`,67,Czech Republic,+420-336-674-8789
Willy,Reven,pZ5%i9Au{8,,Portugal,+351-601-277-3557
Laverna,Kovnot,mE5(80Qm%12,,China,+86-943-182-1892
Franky,Smallridge,kE3!yYRD,76,Armenia,+374-234-169-3027
Rowen,Ladley,iB1{I'p$vIJ,66,Poland,+48-560-550-3632
Kingston,Ruller,gN3>d$sTT/7R|,,Brazil,+55-379-559-8198
Karyl,Baldrick,uB9%ifFW&mR,53,Nigeria,+234-461-706-9673
Weston,Mullord,fM8_+z>1Kl,44,Portugal,+351-337-345-8818
Aarika,Domel,eO1=>/Q`b*44/,31,United Kingdom,+44-609-198-8760
Sandor,Attoe,jW1{#LDYM|r~n_,89,France,+33-230-410-1162
Gertruda,Kopacek,oD0=(L|yUn~,78,Russia,
Erinn,Cohalan,mG7'jJ|M{r\,82,Lithuania,+370-654-277-9067
Adelind,Oldridge,mB5\!{0`=1V5,52,Philippines,+63-552-473-1574
Rees,Lamke,zS5)2gkpOw,54,Poland,+48-380-211-3526
Terri-jo,Percifer,kM1'sB\E,74,Indonesia,+62-775-743-9094
Denis,Von Welden,lL9@ESAwv@C/nT,43,Netherlands,+31-738-614-9485
Taddeo,McEwen,jB7>|30@5u,30,Tanzania,
Kasper,Ansill,fN5*C{6)C`G,33,Pakistan,+92-683-331-2196
Bernadine,Gero,vY1__)(=,55,Indonesia,+62-900-482-7295
Rollie,Wythill,xP0*AWR*S,115,Brazil,+55-181-388-4793
Sylvester,Mulles,yF8?\xNLT1kX(,104,Russia,+7-658-810-5720
Karine,Burless,yR9(aqiUmIIMIe,83,Burundi,+257-405-378-2054
Coleman,Ralfe,kR9@w4J/o+7,78,Azerbaijan,+994-996-383-8089
Armin,Guillerman,oK0?$#Yi,89,United States,+1-913-781-3127
Barny,Ollander,bZ3@ule*E,113,Portugal,+351-949-760-9303
Rhody,Fowley,yR9>805IaeCpJ,33,Sweden,+46-839-789-1406
Leo,Shippard,"lG3&L2""jWH!=~Ix",85,Bulgaria,
Ninnetta,Adam,dB8)Yt_gv,42,Sweden,+46-731-323-5067
Gerardo,Kurt,gU5=3hH#G>L?Md3,47,Canada,+1-347-573-2230
Sheba,Ordidge,"wZ9{E7Jc0H"")M\7j",102,Indonesia,+62-363-939-3313
Elly,Crummie,sA8(P(@3Aa$GL+VH,93,Russia,+7-266-249-6390
Birk,Mitham,eO7*MkWs#97>61,49,Indonesia,+62-345-724-1935
Mabelle,Lauxmann,"fU5,?L59",34,Zambia,+260-585-406-7408
Steffen,Dolan,mF0>2~V&u20_zo</,,China,+86-269-747-7848
Beverly,Lofthouse,iZ2'4&LpbCj}q1Ht,101,Vanuatu,+678-540-317-7643
Shay,Alleyn,iS6`OrqM,,Russia,+7-117-919-3331
Jo-ann,Godbold,fT9`.ZVcp?'e4,49,Brazil,+55-858-790-8208
Alon,Pykett,eV4_8Zh3J,87,Peru,+51-698-443-7059
Barby,Ferrand,uX7?eiErHTz|q,29,United States,+1-314-787-5896
Larina,Vicent,bF6}{waAl4,,Tanzania,+255-663-307-2069
Brittany,Ashburne,cJ1{5?wz03f~*,57,Poland,+48-571-527-4484
Jock,Lie,yL5?PC2S,39,Indonesia,
Krystle,Klimek,iS4>nu`a@|K,78,Portugal,+351-893-806-3795
Alia,Hanby,sF5)PfEOg4J.'r,61,Brazil,+55-803-589-1034
Virgie,Ovenell,oN8}aFqQ6>,89,Russia,+7-467-879-3537
Evonne,Corless,dQ0$XJp<,76,Serbia,+381-294-139-2392
Abby,Dominetti,"hS8)""s3x",84,Sweden,+46-347-969-3574
Uriah,Vasiltsov,iE9\PTUyt5+TtpPV,96,China,+86-616-807-0588
Lois,Fretson,"tL2#Q""xQk!j_@6j|",60,China,+86-507-620-3051
Natividad,Pepperill,oM4)7#EOi,60,Philippines,+63-347-741-4130
Elaine,Dilley,"iH2)rdmDK""Sf",,Japan,+81-155-807-1331
Salli,Emerton,zH8=7Y(=Z+@ym\T,42,Mali,+223-110-548-5977
Bart,Rapelli,xS9)JCP'7%,28,North Korea,+850-151-184-8709
Zea,Treen,"tK1,19D(%WwZ",80,Canada,+1-440-947-2105
Jasper,Haskins,mR2#5JsK`>bu,105,Netherlands,+31-893-971-9125
Silvio,Ausher,qF1?~O0r,,Ireland,+353-147-823-6148
Pearle,Pounds,"dZ7,+ld/.Yg9c)*7",105,Peru,+51-360-708-8917
Jerry,Byham,"vN4/,+?3'Y>C5dP",116,Peru,+51-706-654-4618
Niko,Focke,gX4>'*'|AW3,114,Philippines,+63-662-443-1176
Bartolemo,Avraam,yF7@01$r)v>,,China,+86-696-471-1319
Mannie,Tomasutti,"pI5{Fx6""Yj>""EW",,Indonesia,+62-800-492-9430
Pietro,Kennard,iX2!y3v?2ysZ>zl3,52,Indonesia,+62-361-266-4936
Penelope,Willmer,"xZ1~tWD""x",115,Indonesia,+62-296-713-4708
Alix,Swynley,iA4&vhg_FJ\Kgb8,97,China,+86-124-834-8227
Cecilius,Gane,"xF9"")rC}5`>vs=",31,China,+86-468-729-2285
Amble,Carvil,hC5#afxGFrrb,110,United States,+1-602-477-3072
Malinde,Cashley,iH5\wD$%Qg#i@,51,China,+86-558-171-5398
Maddalena,Minthorpe,kU6<(J<~=D6N.,100,Nigeria,+234-575-864-4261
Dunc,Issacof,wS7~e%*23cGO,73,Philippines,+63-768-242-9133
Christal,Canada,xP9#/L#UG,19,France,+33-345-347-9309
Greg,Plummer,dM7)aPm8+,105,Argentina,+54-836-517-1436
Erhart,Curzon,iH8}LlfLdM@q$,80,Morocco,+212-229-310-1523
Cyndia,Holborn,mX1!F.~hToR>gi$.,21,China,+86-682-266-5361
Gauthier,Seiller,eX1+qJ3>'Hzy*mX,113,China,+86-567-245-8266
Romy,Follin,pW6*~w3R.Rc~8Q}c,70,Brazil,+55-779-972-4160
Yasmin,Syers,eX6\iefkZ&,45,Thailand,+66-837-553-0571
Sybille,Hart,vI9/=X'|s29=)SL,89,China,+86-442-433-0308
Mariska,Pursey,"gE4=+M\k""?Bb#",80,Sweden,+46-990-943-2298
Natalie,Prestland,"rX1+cs7""""2",67,Indonesia,+62-316-485-9573
Vick,Kelway,"fI4%q#(y""cW""",96,Indonesia,
Carolyn,Bloschke,pW9'uljy,97,China,
Kareem,Geharke,aE5|5~(ky7,118,Russia,+7-311-297-9488
Hermie,Kunath,sB7>hV9_S#>5),87,Burkina Faso,+226-468-395-0600
Libbi,Potteridge,cU4>kO'b(RfDk,68,Nepal,+977-524-556-0883
Sybila,Baxstar,fT6\=VwQo,96,French Guiana,+594-725-344-8611
Alayne,Palser,eL6}(nvsBn%+Nq,110,Philippines,+63-957-347-8081
Stu,Enston,nE1(<?EP(W.%T5,116,Philippines,
Ezechiel,Delahunty,oS6/1F9A+,,China,+86-682-975-4149
Darin,Twaite,nY1&e45_<y2uO0,60,France,+33-321-511-4515
Winifred,Bushel,tQ5~4#iVa$NqDZ,61,Russia,+7-942-301-7231
Bobbette,Feronet,tH7*|1cA&lwsZ=u,36,China,+86-735-426-7317
Aurilia,Lewtey,eN7&`?y_zP*T34bl,120,China,
Harp,Drayson,kS4?|R|_L%&cn,63,Russia,
Sherwin,Cosens,dL1{wwy)!&I1PGM,94,China,+86-398-697-7161
Mayor,Gauvain,pD4}J/~)$Yu1r,97,China,+86-551-567-4895
Jorie,Townsley,hC2.y3)%G,36,Zambia,+260-294-801-3573
Valentin,Woodus,vD8_Dxnr$\zJJ}!u,74,Indonesia,+62-652-902-5176
Erich,Wooffitt,iL4}Ur/?!EBF=0{K,66,Macedonia,+389-359-412-6640
Richart,McCorkell,sR5.E%E+h/=f,56,Morocco,+212-489-231-1278
Lucias,Kauscher,iP5)DDbl&#,104,Russia,+7-271-800-4662
Kassey,Cogin,fT9`G3ItU~$JP?,106,Indonesia,+62-191-452-9135
Nathalie,Mohammad,"qE9\eo$/""RzdWDlZ",19,Japan,+81-635-488-1203
Ximenez,Sirman,"eP1""HiKYHJWDZTvP",43,China,+86-970-634-7678
Rikki,Stelljes,"lY8,0frIJ?",84,Ukraine,+380-334-759-3318
Maurita,Bosma,kM9\R*iKT6,59,Canada,+1-771-757-1718
Sayres,Sheran,gT8|Q`d4goS,,Sweden,+46-264-202-7747
Ansel,Dumbell,fK4&}nYa~hAK,45,Philippines,+63-915-834-5189
Hercule,Sayse,gH6~(wW<pBG,99,China,+86-317-862-4352
Matthias,Skentelbury,aX8<M%}.iG#,61,Russia,+7-956-862-2138
Almeta,Sline,iF3&Cv6)QxB7Peq,84,Uzbekistan,+998-978-856-2793
Chloette,Paice,uW6'>NmN`,,Venezuela,+58-313-616-8411
Nelli,Whitrod,xR4/B_I$BUyZ,,Colombia,+57-433-483-1922
Felizio,Penquet,rD7<AQ\?zl1AK%/,45,France,+33-124-946-0067
Louie,Sergean,eS4#LE`|GIOjB,44,Palestinian Territory,
Lucias,Baxendale,"uY0|l0W~>,lY,V9p",39,Russia,+7-100-784-6949
Ottilie,Burndred,sM0`)k3_,109,Sweden,+46-278-279-0036
Shalne,Blakes,jJ6_/S>HG,74,China,
Esme,MacAndreis,qQ1#f`Fj1wX`'52O,108,Brazil,+55-590-704-4611
Nerty,Ralling,tH6(D4|09D,62,Indonesia,+62-903-515-2464
Gracia,Berthe,yV4`$9@k@1\G,42,China,
Fredia,Rome,"dM1""EfP0O,",,Indonesia,+62-482-728-0012
Basilius,L'oiseau,"wA4&%0tp,S7\.",,Ukraine,+380-542-366-1532
Jania,Kellie,bG9.Pc+~gX`afwW,42,Portugal,+351-386-847-0854
Trstram,Hartup,aM8@aj)<D3L,,China,
Birgitta,Aronson,rH0\E$IcEI,85,Ecuador,+593-954-809-1221
Toddie,Benny,uC4_qWN@*5OCEnr,,Poland,+48-497-379-6527
Gardy,Swayton,eV5$=TTYO=h,119,Philippines,+63-794-102-2987
Sile,Starbeck,qS0{+Es~,,Portugal,+351-635-915-5826
Simone,Robertis,mY6{?Qx?,39,China,+86-315-771-0708
Carmelita,Josefowicz,"nF3.2b,bHK/PgzPN",99,China,+86-393-360-0444
Lilias,Ech,vG4~<J&)z3dI,40,Lithuania,+370-178-465-9217
Emile,Casseldine,"fR0&>+wUBWu""'=o(",88,Bolivia,+591-154-720-4361
Kally,Tithacott,vY8'Y5U@p1qUBvf,72,Argentina,+54-161-250-4817
Lorne,Truett,xL4\e!+X}k?4NO,56,South Korea,+82-873-237-7249
Patrizius,Hammond,wD2/QwyNWy&,79,Indonesia,
Pail,McMackin,"qD9|hc1AutIuo@,Q",42,Czech Republic,+420-412-607-3753
Marielle,Strettle,sP7*O!nSm|&8,95,Indonesia,
Alvy,de Clerq,oR9#Do/4O)B?|gi,93,Argentina,+54-726-655-5145
Bealle,Alyokhin,xO0@%ai9TW,83,Indonesia,+62-942-904-8626
Reinald,Netherwood,jP1(M9tVRo,61,Armenia,+374-318-859-5079
Kessia,Guilaem,"sR6+U(TQ/h{&d/,",37,Czech Republic,+420-403-809-6946
Bria,Largen,"lL3)w_x>,g9\)d3",,Russia,+7-155-485-4563
Hobard,Harce,rP7%/py'OCdUm,20,Brazil,+55-121-967-3024
Goldarina,Girth,"zZ2#H?""fimdR",117,France,+33-208-196-2168
Kirbie,Balm,cO4>UDbRYX,19,Indonesia,+62-133-788-2185
Adrienne,Piscopiello,mY0}h@Q+}AU5IRT),52,Croatia,
Breena,Maden,kD3\K\Og3ePM@,31,Indonesia,+62-954-978-6065
Mead,McCunn,"zG5,c>#opi5@",44,United Kingdom,+44-228-544-8057
Yorker,McReynold,oR8>k8f{,22,Sweden,+46-732-567-8713
Demetri,Fitzsimmons,fR5+'M%Ig,,China,+86-948-454-4704
Frankie,Darby,nS3|DEr&,80,Guatemala,+502-780-850-4667
Jocelin,Gilbanks,dJ0}_rG))J,98,Indonesia,
Ephrayim,Walesa,wW1.9K8UYMiZj,,Philippines,+63-953-734-8310
Westbrooke,Mignot,vE9?~Z220a//iS,82,France,
Whit,Benley,sA5<AH9So,101,Brazil,+55-641-930-3796
Aurora,Rappaport,eR3$unQDZ6$,65,Uruguay,+598-646-995-9341
Gabrila,Fryatt,"hH4,`~.(`",,Bangladesh,+880-433-223-8428
Mick,Bertomieu,vT6@|a*W,51,Indonesia,+62-969-271-8089
Ty,Clapson,yH8!XGdAbsXv,57,French Polynesia,+689-546-950-7052
Sarene,Yurtsev,"iO3',ez$O<(>2o",83,Thailand,
Loralyn,Klosa,jB3_83~H.C@~'I,62,Madagascar,+261-233-378-0696
Raina,Wye,tT0|TP?w}Ns,109,Poland,+48-549-115-9341
Desi,Westcot,vT7#Fq@6,115,Ukraine,+380-948-318-9510
Samaria,Marconi,vP2.DwVr?,54,Slovenia,+386-449-752-1194
Ray,Trengove,wT2.Y$lkd,45,China,+86-976-573-7114
Anthia,Brounsell,"gQ9+,?Fgb",22,China,+86-458-532-5392
Oriana,Rigby,nI4\e(!U,20,Philippines,
Veriee,Hambridge,lP3}I$5'jc#,106,China,+86-152-625-8426
Lory,Fotheringham,dE4`KsU~1pfUvfJ,84,Russia,
Brinna,Padley,"uI4*`n@UUc+,kU",66,United States,+1-814-835-9213
Carri,Tittletross,wX5@rf()}S.2d,53,Panama,+507-970-284-6377
Luigi,Nunnerley,uU2'Lypc%,100,Colombia,
Concettina,Grigori,kE6?3lM*n6,18,Indonesia,+62-390-173-4803
Edik,Killwick,"dH9&96LaQA8hfW""t",23,France,+33-840-790-6474
Hermie,Dumbleton,"sC4=FWN,he({VdV{",71,Portugal,+351-170-143-2537
Paddie,Mitton,wS9/JijQ4N`,40,Philippines,+63-895-563-0075
Olvan,Poundford,yL2}rL3TK@LdUJBX,29,Indonesia,+62-662-623-6618
Deerdre,Pelos,hI0!y#Ovh,,Afghanistan,+93-508-303-7699
Cammie,Laws,gE0+FSa%}aHPe&,103,Poland,+48-907-695-9944
West,Sinott,vD9{NQi@,37,Nigeria,+234-549-412-9589
Allyn,Ruste,yV6?<FbJ,120,Philippines,+63-449-229-2832
Alayne,Dunning,sT1)m*melo`L6(2,,Sweden,+46-256-338-5760
Judie,Skittrell,tI6_?\+!D,,Indonesia,+62-200-445-9748
Vickie,McCrainor,gZ8*~9Pbe*y!sd,83,Sudan,+249-838-486-6168
Gaultiero,Ingree,nQ0/emTQ7Ll,50,Myanmar,+95-273-719-3642
Audra,Lindwasser,"wR4,T8KU0>tj!",32,China,+86-978-509-4181
Klaus,Revelle,gN9\aRX96'\3%&t,109,China,+86-589-187-0198
Tomasine,Monelle,nP9|Ce'ZP&7{C@,20,Mexico,
Bart,Papworth,pB6/(|.#@lF5,52,Indonesia,+62-366-982-6385
Paloma,Trussell,"hD4"")lr#~UVpU}",71,United States,+1-901-739-7131
Samaria,Trudgeon,fR8=Sr3?,25,Japan,+81-131-674-7724
Rainer,Lambersen,xC9|UeemirncNbZE,,Saudi Arabia,+966-626-454-8715
Mickie,Iddens,jL3!Y78=?l,57,Russia,
Kincaid,Laxtonne,"kN3,O_YRR`cu&I",77,China,+86-932-895-3730
Virgilio,Guys,eK9<ZNDM,47,Vietnam,+84-819-244-2850
Jerome,Koppe,"kW2+pO)""{t0Rxav",84,Indonesia,+62-773-911-9698
Yovonnda,Schruur,nV5<8S|4Q<J)DB(_,34,Honduras,+504-449-247-6666
Mara,Timoney,lO3!c9@og0,57,Russia,+7-677-755-8678
Pansie,Croote,eR0!KAKbRl+F/IC1,92,Portugal,+351-474-366-8126
Jacintha,Sharrard,aV4|bLz6cn,50,China,+86-187-964-4855
Tammi,Bonhomme,xX7(@0daG,116,Uganda,+256-582-470-8156
Gwenora,Osman,zM9|OL(*|tb'G,99,France,+33-232-952-6501
Stacy,Dmych,fP2'YwVer4x#sQO,107,Russia,+7-310-430-1643
Tedi,Banasiak,"kL0,PCmjE",102,Indonesia,+62-767-729-4632
Asia,Minget,"eT9,X<xC2.",64,Russia,+7-170-166-8405
Waiter,McIlvoray,aH5~wp>%Z#/lSCN},104,China,+86-580-484-1255
Bendix,Layburn,aO2#slAA,76,Nigeria,+234-658-949-3370
Weston,Borgesio,"sK0#.@""Ij",71,China,
Ingar,Bahlmann,hX9.O@+gWfd,55,Ukraine,+380-203-707-5567
Lynne,Mc Ilwrick,"mC9%/Tt""RC""NrW",55,Honduras,+504-956-863-3653
Cristin,Swigg,oV1>wA@gTY~J<,66,Ghana,+233-525-562-2129
Seward,Harman,iB1!Yn(.H,105,Japan,
Melisse,Matthew,"wU3#xxz#ge<,/%x=",96,Philippines,+63-660-768-0860
Lonnie,Burger,fP1#)s|'N,82,Portugal,
Junina,Ollerenshaw,cV3=t@&ubv}35C,96,Honduras,+504-706-682-4232
Herschel,Jeffray,tA3&h3bl1\,30,China,+86-227-628-7704
Jean,MacDuff,"aM4""dhx`4<Y8FA!",84,France,+33-204-971-8380
Suki,Bowker,cN9!cL>ZO5,48,Czech Republic,+420-710-211-5225
Shanan,Canellas,mW0}Lu3$jNw9,47,Mexico,+52-719-182-2798
Adelle,Vido,"cN0{K6&,S",47,North Korea,+850-215-625-5481
Shandie,Haryngton,hS2{rxYd}|',97,Canada,
Davin,Brunke,aB2#~L>~_(~E,111,Croatia,
Arleta,Terbrug,"fA9.x8c8,X~q""T%\",73,Brazil,+55-275-728-3436
Zebulen,Cothey,lZ4_Bj>N<%`~Xv,74,Peru,+51-702-778-9174
Hagen,Heam,eI8$me'4UX,108,Norway,
Aigneis,Maro,vO8>b5r<,65,Philippines,+63-705-542-5996
Cchaddie,Schachter,eS9%fKT(sQ)B#,22,Syria,+963-214-817-8881
Ellswerth,Catcherside,mT2&pJu2fGMviy9Y,116,Armenia,+374-261-617-2804
Waite,Exposito,sN0.`NQs+K~vS+,,Russia,+7-209-210-4790
Robinetta,Showers,xT8=7/~}V,41,Russia,
Issiah,Duding,"hG4""uOq8zDi6",18,China,+86-568-675-8397
Edin,Sprowles,oL5}rcw$@/,86,Poland,
Toinette,O'Donnelly,pN0`$(>(,23,Poland,+48-313-435-6051
Diane-marie,Goodliff,uP6>a0k|/Q,115,Bosnia and Herzegovina,+387-608-141-1101
Rayshell,D'Costa,"yP1{ra,93<#V#,|",40,United States,+1-614-239-8438
Alix,Faussett,gM0\w%9(+A/,100,China,+86-662-374-9994
Crawford,Bellay,"fF2<o0*""'Q\KqXz",96,Russia,+7-632-807-6451
Creight,Lippiello,nO9`Q3aEG2!Uv,79,Hungary,+36-593-541-9764
Mattheus,Munson,kO8=o|5j,109,Czech Republic,+420-548-930-4283
Nye,Hackley,rA9+hLU4,108,China,+86-281-944-0932
Loy,Klimczak,dV0~DL=9ftEjXK,78,Czech Republic,+420-476-415-8252
Evonne,Gladbach,kS3%@.Q{kb3=I,107,Bangladesh,+880-700-334-8179
Debee,Timoney,rW6&6uJW,52,Iran,+98-967-585-9492
Ben,Savory,"vI1{~%""R#gWf",105,Russia,+7-346-919-5713
Giffie,Devey,zC4`rbkfB`l,21,Poland,
Belvia,Bigly,qA3!tQX!(R,54,Mexico,+52-145-568-8596
Bengt,Ethersey,tH6%4#lNrg,62,Russia,+7-451-362-7198
Amby,Goard,bZ5#{(%3dRhj(},,Philippines,+63-953-296-6223
Yvor,Lesly,wH3|=G6n$'l,41,Malaysia,+60-281-646-4716
Danyette,Pymm,yK0*R9ovgUg$N.tL,55,Philippines,+63-253-387-4513
Alexina,Matyushonok,vO2`\30$f7<,30,United States,+1-972-811-9344
Katheryn,Martt,qK8>N@!G.=,53,France,+33-664-593-4469
Felecia,Blower,vH9@_)25L9<E,,Azerbaijan,+994-574-935-1184
Isa,Brasner,bC8<z|QO#,107,Ethiopia,+251-822-257-8360
Alonso,McCutheon,yG3.Vp/7VnevH,82,Indonesia,+62-958-134-8329
Verge,Fairebrother,"oC0""v(up}",47,Poland,
Becca,MacShirrie,bZ1{ckMP?)Pq)>,120,Indonesia,+62-468-738-3492
Daisy,Andriuzzi,fW3}}u7VR<I~Q0(x,55,Philippines,+63-624-123-2997
Darby,Torn,cK3/#0MIJV(}U,29,Nigeria,
Arty,Cund,jT0>L){VnF7i&_H0,77,Kenya,+254-754-769-3578
Dillon,McPaik,"lA8""uK_K",69,Costa Rica,+506-505-122-9592
Susana,Velden,jC3#'vjv%7_9,28,China,+86-882-113-4454
Lynda,Nolleau,mL2@`pcZ`7,46,Sweden,+46-447-637-6417
Teodorico,Padula,rE9$we~=/Ls,91,Indonesia,+62-437-824-8296
Carl,Sandall,"vA4%&<oS,dN",,China,+86-615-199-0384
Sisely,Laherty,gO9$}tIw0zJE,79,China,+86-161-551-4058
Heinrik,Dransfield,"iS1,&4C_aWxvFY""}",,China,+86-508-831-4344
Erv,Dinsell,uY0=|0bX?SBX{*Z,111,Ukraine,+380-407-931-2171
Deena,Dyott,cR0'KH2*4(8f,85,Philippines,+63-568-690-8973
Gordon,Bettaney,kI1.7KGWSo~to#/I,33,Indonesia,+62-736-326-8279
Marne,Keers,xU1~%V<my!8Ge3,73,Kuwait,+965-186-181-3002
Lise,Januszkiewicz,"mA7(@""SI\VyV%1",89,Philippines,+63-274-858-0904
Luigi,Mariyushkin,"dK1$t`t*{/""x",86,Sweden,+46-719-344-2392
Marget,Elsy,nQ6*zQSiAa?7D`*A,33,Tajikistan,+992-702-667-4972
Urbanus,Cluderay,nY2'bl?<`u#9,,Indonesia,+62-384-167-8761
Marylin,Grindell,wH4>I}IT(6,34,France,+33-206-632-9728
Clemens,Van Geffen,"wG9*!,59cp&w0V1",,Ukraine,+380-756-772-3244
Karel,Mathivat,iD7#syi1'm,38,Micronesia,+691-686-700-3864
Kaylil,Maffin,pZ3`Ya%Ah1Lo1,120,Gambia,+220-104-858-1467
Pen,Leverett,pW8)?d4{F,55,Comoros,+269-774-330-2255
Stephannie,Jacobi,"aN1""8Q'T3B(3gG",44,Argentina,+54-654-798-6865
Staci,Sichardt,qI0!(6i$ejttj64@,74,Guatemala,+502-153-669-0632
Jori,Greig,mW7}B8|%,,China,
Ab,Ferres,"nB7$>HeQO5@j""",18,Indonesia,
Pablo,Exon,pI8!0=OS&M9h,62,China,+86-252-671-2431
Winni,Baily,qO7#D5O#_,93,Finland,+358-319-821-3850
Lincoln,Bernadot,nL0&h`)W8+f#,35,Colombia,+57-700-728-0856
Catina,Halbord,bM1*/\\>1`.v9E5,25,Thailand,
Shelden,Pollack,hW3|W/RYR+,58,Indonesia,+62-296-473-7713
Arabel,Scotsbrook,"zT6+}s""""Ed",77,China,+86-974-166-3622
Tammie,Sangwin,tT6'Z815I8{%pK)1,72,China,+86-632-708-0078
Kendell,Frances,dM8#y`ZSC,36,China,+86-228-150-1231
Alexander,Samwyse,pJ6}'ZlWJFz&K,102,Canada,+1-974-550-6779
Darbie,Larkins,zK0@/=\mK.m8,78,France,
Augustina,Isaaksohn,pL7(U)v4s$V,78,Cambodia,+855-296-808-3125
Yankee,Gaish,cJ8<VpZRF$,69,China,+86-957-399-2704
Wynne,Leuchars,"lV4}337*i_blMQ8""",117,Thailand,+66-200-713-0603
Wini,Fisbey,jG0>hde4?,60,Poland,
Ursala,D'Alwis,eC8%ogB43Pc,33,Thailand,+66-821-279-0874
Krissie,Jiranek,"uW2$cI*&""",59,Poland,+48-549-358-3618
Derick,Vanderson,"jK1|5""!,z",79,Palestinian Territory,+970-351-317-1133
Bobinette,Greenland,eG1(Rw>ny.,78,Greece,
Leontine,Giacobo,oT7&X!tL4&pS@fcn,,Russia,+7-815-376-6639
Weidar,Wingate,xZ2'dG46#$,34,Suriname,+597-628-297-3068
Denise,Fittes,uD8?_d08hd\d,,Greece,+30-565-661-3420
Madlen,Drover,dY2)|@Y.,,China,+86-126-340-2929
Linnie,Bifield,bI6#Ecmzt,111,Philippines,+63-343-869-4545
Winslow,Hayer,"iL0.7+GCv/|""",,Cambodia,+855-121-973-6368
Raul,Coping,gT2`z~h9n,77,Poland,+48-101-661-2981
Yul,Thorneywork,"jA6$9s,A",67,Russia,+7-607-793-2556
Allison,Tod,mH8$7)ak)D0,20,Philippines,+63-991-611-5413
Alejandra,Botwood,yB6(N+V0&_q,92,Greece,+30-279-290-1398
Benson,Garment,vN8'DD7O4Z,120,China,+86-749-557-9519
Farra,Burcher,nS6#@XEce,34,Mexico,
Gerianne,Gerrets,yF4_.rPeX.A<sNqV,19,Honduras,+504-877-826-3254
Jeremias,Atkinson,"nZ1>!t2""FOfj?*\",96,Bolivia,+591-359-500-6030
Tamra,Rainger,wS5@/np/+v2/,107,Bangladesh,+880-169-399-3674
Angel,Diplock,"wX2!)R#>t,HM",47,Russia,
Clair,Culter,"cB9?,C1tLgbZc'",23,Colombia,+57-597-862-9700
Shirley,Haselgrove,bQ9<UhuS&v+k1BP3,28,China,+86-111-656-7026
Marja,Stobart,"nF3=7Vg|eI""aAj'",89,Russia,+7-169-671-4533
Konrad,Hellwich,"zY7/62)y9G""gtB",72,Philippines,+63-900-261-5197
Francklyn,Malkinson,gV5&|!ZI*+%$`@,106,Brazil,+55-161-685-6109
Martita,Rannald,iJ1#bll&@tu,114,China,+86-772-597-8600
Marcy,Dibbe,oY2\mj))?0Ldr`,,Mauritius,+230-168-376-2471
Appolonia,Mehew,lT1*W<B!J99u1,68,Philippines,+63-150-167-1629
Kristoforo,Bonifas,hQ8/opU&,49,China,
Noam,Mannix,"dJ3}a,gQgAA5v!",98,Russia,+7-745-438-7669
Micky,Bickerdike,"bL7%,/?r.MVYQ@h",75,Indonesia,+62-368-700-0780
Obie,McNuff,"mN6,,`jJ.eCv",26,Indonesia,+62-279-237-9745
Gwenette,Hauch,bE5!LI_5tMJv6,82,Comoros,+269-552-961-8906
Jamil,Pickvance,mJ8)WZ@k,22,Nigeria,+234-208-336-4877
Stephana,O'Fogerty,aG8.anWX,66,Russia,+7-700-667-4236
Rickie,Iglesias,aG2_SYGx0=S,85,Azerbaijan,+994-273-710-6699
Dew,Trever,oU2.pS~<T6X2mpM,73,China,+86-847-343-6245
Karin,Gaynor,"oG4/(>(Tm""m\}M6w",,France,+33-908-425-5172
Reagan,Bamfield,vQ7|?=P*!l+@JCNb,33,China,
Allix,Bartel,"hU5!bfY,NE",80,Philippines,+63-676-357-2232
Emalee,Blatherwick,iA5?rtsta,19,Greece,+30-864-598-0389
Gigi,McReath,"hI5$esDLol'w,w&n",107,China,
Norean,Howse,uJ8!Wb/3oUKW,66,China,+86-479-229-8603
Tabb,Tumelty,oO0<P}dqVeBv6w,103,Greece,+30-208-604-0655
Odey,Giuroni,"pP8!X""dRqn7dm*",30,China,
Rudd,Gallen,iU2<z)v$@@,54,Yemen,+967-902-793-4761
Erich,Manton,"oI8,8DI2.i,""",58,China,+86-844-178-9309
Rosabel,McMenemy,rN8{EvA1I!,92,Philippines,+63-951-676-0558
Rakel,Sparhawk,oT9+_gk@,,China,+86-989-825-6514
Carina,Blowing,"dT2,%EFBklk/Z",75,Norway,+47-792-435-3024
Lance,Rhymes,wC2&q~r*,71,Albania,+355-973-669-9248
Jewelle,Boulstridge,pN3)AwIQ,81,Belarus,+375-601-143-8742
Dyane,Mowlam,"oI7?#bi""7YzKi*d<",117,Argentina,+54-573-315-9375
Garret,Bulfield,aB9$Pb/e&,65,Japan,+81-328-619-7066
Josy,Root,hP2*9pty)I,102,Armenia,+374-132-622-1754
Zita,Rubica,mM4%a/6u*}N{m)p+,89,Israel,+972-683-926-7216
Florinda,Mc Gorley,"bW0,,In@Z{l{GPQ<",89,China,+86-925-182-5434
Archibaldo,Barford,zE9?WEW7,99,Poland,+48-705-917-6170
Marcile,Bullard,eQ6#Cny\`,106,Peru,+51-254-887-9220
Perri,McTurley,"uH0'hVeY_~zYo,i9",85,Cuba,+53-374-797-1970
Jan,Toye,mH4*4TcK0>,,Venezuela,
Harriet,Ludwikiewicz,xI8}!V_TkfX@XEI*,18,Democratic Republic of the Congo,+242-535-661-7917
Alexina,Taberer,"zV2_,W3htP,",92,Mexico,+52-592-835-6041
Griz,Leppo,pK8%pU)vP3,39,Philippines,+63-817-767-6825
Wilmer,Summons,iR0(S~F?Rhg.MjF,93,Japan,+81-436-411-3793
Drucill,McIlwain,hH0?%LCdJN2y3,52,Philippines,+63-967-915-7327
Alfy,Lindfors,sV9{ci2yLZ~,76,Yemen,+967-559-889-7740
Cathe,Kunc,sR9@A05o~qA,65,Indonesia,+62-328-629-3723
Gina,Picott,cR3/s7ZbTI,31,Portugal,+351-161-912-3307
Eustacia,Martinek,mC8)S?=S3VugR,48,Greece,+30-929-707-6061
Dasi,Caldicott,cP0/90c<S,36,Samoa,
Shawn,Dominici,"qU7,/8u|_hLJN1n",60,Belarus,
Rossie,Stookes,"aS0>9?""<Cw@>TB9}",,China,+86-582-177-4608
Alejandro,Marple,zC2?VA.OSg4x,59,Spain,+34-239-356-1307
Jephthah,Bradmore,uJ5<>QKn192g_TC`,28,Sweden,+46-928-404-1083
Berne,Wragg,sG5$.SCE}&z,19,United Kingdom,+44-688-349-9110
Paulette,Reekie,"oJ9""2TrffMGz##",108,China,+86-985-675-1749
Nelia,Tregona,fT9%E1&.NWz{$,69,Argentina,+54-316-649-3819
Martin,Van Son,eB5$&#RT&U,42,China,+86-880-136-1267
Kelsy,Paolacci,"bG7""dM)1SUZ/l",95,Italy,+39-841-634-4864
Hermie,Romme,tC7<*z$f/M9HJ?m,,Poland,+48-719-814-8403
Waite,Dade,sF6`UPA4erF~e,23,Indonesia,
Verile,Haitlie,"hT8(dO*>}&,7cA",89,Comoros,+269-358-172-2991
Merell,Zouch,rJ0`|K~JW,105,Tunisia,+216-893-637-9323
Land,Ilchuk,yB8?Hixz.lsL}9y,,Indonesia,+62-331-753-2266
Harriette,Gonoude,sI1?Knxf@q+EQ,102,Germany,+49-811-695-6256
Denny,Stow,"sL8.zUG$#~n,",68,Poland,+48-190-207-5761
Bryna,Heathfield,dE9?beW_+,64,China,+86-410-471-0356
Alena,Espinosa,iT6|k#%),45,Sudan,+249-388-391-2214
Purcell,Murby,aK7/nsmgRi,97,Philippines,+63-725-898-4613
Shepherd,Ruecastle,"lQ0!/""BPXTFQu",76,China,+86-179-140-7519
Thoma,Wallworth,sD8}FjmRm,116,United States,+1-814-805-6839